Student_ID,Name,Gender,Age,Department,Attendance,Study_Hours,Assignment_Score,Quiz_Score,Exam_Score,Final_Score,Pass
STU001,Joy Ibekwe,Male,23,Computer Science,100.0,4.4,45,44.0,42,43.0,No
STU002,Sarah Olatunji,Male,22,AI Engineering,97.0,8.5,57,51.0,53,53.4,Yes
STU003,Mariam Abdullahi,Female,20,Data Science,94.0,8.5,71,71.0,61,65.0,Yes
STU004,Hannah Uche,Female,24,Data Science,69.0,5.8,54,49.0,46,48.2,No
STU005,Daniel Ogunbiyi,Male,22,Data Science,98.0,6.4,48,54.0,55,53.4,Yes
STU006,Grace Usman,Male,24,Data Science,100.0,30.0,81,79.0,73,75.8,Yes
STU007,Juliet Ahmed,Female,19,Data Science,65.0,14.1,88,92.0,86,87.6,Yes
STU008,Daniela Abdullahi,Male,19,Software Engineering,82.0,5.7,51,45.0,60,55.2,Yes
STU009,Sarah Bello,Female,21,Data Science,84.0,6.5,54,56.0,45,49.0,No
STU010,Dorcas Ogunlana,Female,19,Data Science,64.0,5.7,53,51.0,63,58.6,Yes
STU011,James Ogunleye,Male,19,Software Engineering,68.0,6.2,54,59.0,62,59.8,Yes
STU012,Ruth Kalu,Female,22,Computer Science,65.0,12.8,82,78.0,92,87.2,Yes
STU013,Benjamin Adeyemi,Male,23,Data Science,84.0,8.0,69,77.0,67,69.4,Yes
STU014,Amina Alabi,Female,22,AI Engineering,81.0,4.5,50,47.0,54,51.8,Yes
STU015,Mary Olawale,Female,24,AI Engineering,92.0,14.9,98,100.0,100,99.6,Yes
STU016,David Nwachukwu,Female,24,Data Science,94.0,15.4,92,94.0,97,95.4,Yes
STU017,Fatima Osei,Male,19,Software Engineering,75.0,3.8,40,40.0,45,43.0,No
STU018,Mariam Alabi,Male,23,Data Science,95.0,5.1,53,51.0,60,56.8,Yes
STU019,Andrew Nwachukwu,Male,19,Computer Science,25.0,15.9,100,100.0,100,100.0,Yes
STU020,Fatima Ibeh,Male,19,Computer Science,81.0,3.3,40,40.0,40,40.0,No
STU021,Paul Usman,Female,19,AI Engineering,62.0,14.2,88,96.0,85,87.8,Yes
STU022,Mary Uche,Male,23,Software Engineering,96.0,10.5,74,81.0,77,77.2,Yes
STU023,Matthew Uche,Male,21,Data Science,82.0,8.5,71,64.0,81,75.6,Yes
STU024,Stephen Garba,Female,21,AI Engineering,66.0,6.2,52,58.0,46,49.6,No
STU025,Caleb Adeyemi,Male,24,AI Engineering,64.0,8.8,62,55.0,72,66.6,Yes
STU026,John Abdullahi,Female,18,Software Engineering,70.0,8.3,71,69.0,73,71.8,Yes
STU027,Linda Alabi,Female,19,AI Engineering,76.0,15.0,100,100.0,100,100.0,Yes
STU028,John Ibrahim,Female,22,AI Engineering,78.0,5.8,45,40.0,45,44.0,No
STU029,Sophia Ojo,Male,21,Computer Science,63.0,15.5,94,,86,88.6,Yes
STU030,Faith Musa,Female,20,AI Engineering,96.0,6.2,47,41.0,50,47.6,No
STU031,Isaac Afolabi,Female,24,Computer Science,80.0,6.1,57,53.0,67,62.2,Yes
STU032,Joshua Olatunji,Female,19,Data Science,60.0,9.0,63,57.0,70,66.0,Yes
STU033,Andrew Nwosu,Female,22,Computer Science,64.0,14.4,98,99.0,93,95.2,Yes
STU034,Daniel Uche,Male,20,Data Science,95.0,6.9,52,48.0,50,50.0,Yes
STU035,Deborah Olatunji,Female,20,Computer Science,98.0,5.7,53,51.0,63,58.6,Yes
STU036,Peter Peters,Male,23,Data Science,65.0,11.2,79,72.0,69,71.6,Yes
STU037,Fatima Anyanwu,Male,22,Computer Science,70.0,12.6,91,83.0,84,85.2,Yes
STU038,Grace Obi,Female,24,Computer Science,83.0,,72,77.0,66,69.4,Yes
STU039,Abdul Umeh,Female,22,AI Engineering,82.0,5.7,50,45.0,51,49.6,No
STU040,Emmanuel Ibekwe,Female,24,Software Engineering,75.0,14.2,91,96.0,81,86.0,Yes
STU041,Timothy Nnaji,Male,24,Software Engineering,75.0,6.5,50,54.0,41,45.4,No
STU042,Faith Balogun,Female,20,Data Science,82.0,7.0,57,56.0,47,50.8,Yes
STU043,Moses Ogunlana,Female,18,Computer Science,64.0,15.6,100,100.0,100,100.0,Yes
STU044,Sophia Adesina,Female,23,Data Science,76.0,5.3,49,42.0,42,43.4,No
STU045,Mary Yakubu,Male,23,Software Engineering,87.0,10.9,72,76.0,80,77.6,Yes
STU046,Fatima Usman,Female,22,Data Science,60.0,9.8,70,73.0,73,72.4,Yes
STU047,Faith Akinyemi,Female,21,Data Science,67.0,12.4,86,94.0,85,87.0,Yes
STU048,Joseph Ndukwe,Female,21,Computer Science,95.0,4.7,51,55.0,46,48.8,No
STU049,Andrew Oseni,Male,22,Software Engineering,79.0,6.7,61,,65,63.8,Yes
STU050,Joseph Ajayi,Male,24,AI Engineering,70.0,11.6,82,90.0,92,89.6,Yes
STU051,Grace Sani,Female,22,Computer Science,79.0,5.9,50,46.0,40,43.2,No
STU052,James Sani,Male,23,Computer Science,89.0,8.4,63,67.0,68,66.8,Yes
STU053,Juliet Ibrahim,Male,24,Computer Science,66.0,13.1,87,84.0,93,90.0,Yes
STU054,Sophia Onyeka,Female,22,Software Engineering,,4.7,52,60.0,59,57.8,Yes
STU055,Deborah Osei,Male,24,Data Science,95.0,8.8,64,71.0,68,67.8,Yes
STU056,Fatima Ibeh,Female,19,Data Science,93.0,9.3,68,68.0,72,70.4,Yes
STU057,Sarah Ogunbiyi,Male,23,AI Engineering,81.0,7.2,53,49.0,47,48.6,No
STU058,John Chukwu,Female,21,Computer Science,64.0,8.4,67,73.0,70,70.0,Yes
STU059,Mariam Ogunbiyi,Female,22,AI Engineering,96.0,7.9,54,57.0,53,54.0,Yes
STU060,Hannah Ajayi,Female,23,AI Engineering,91.0,5.9,57,64.0,47,52.4,Yes
STU061,Elizabeth Usman,Male,18,Software Engineering,89.0,15.0,90,94.0,98,95.6,Yes
STU062,Hannah Onyeka,Male,21,Data Science,68.0,14.3,91,84.0,89,88.4,Yes
STU063,Deborah Okoro,Female,18,Computer Science,81.0,12.9,91,91.0,94,92.8,Yes
STU064,Victor Balogun,Male,22,AI Engineering,82.0,5.9,46,40.0,40,41.2,No
STU065,Linda Yakubu,Female,19,Computer Science,75.0,4.6,41,40.0,45,43.2,No
STU066,Elizabeth Kalu,Female,21,AI Engineering,70.0,,95,87.0,94,92.8,Yes
STU067,Samuel Aliyu,Male,24,Computer Science,64.0,10.7,75,70.0,74,73.4,Yes
STU068,Matthew Ajayi,Male,24,Software Engineering,82.0,9.9,75,69.0,81,77.4,Yes
STU069,Stephen Garba,Female,22,Software Engineering,91.0,4.4,48,54.0,42,45.6,No
STU070,Samuel Mohammed,Female,19,Software Engineering,89.0,8.7,66,68.0,63,64.6,Yes
STU071,Dorcas Onyeka,Male,21,AI Engineering,,10.9,81,83.0,71,75.4,Yes
STU072,Linda Mohammed,Male,22,AI Engineering,82.0,13.4,92,92.0,100,96.8,Yes
STU073,Mariam Sani,Female,23,Software Engineering,65.0,6.1,58,65.0,65,63.6,Yes
STU074,James Anyanwu,Male,20,Data Science,88.0,13.3,83,84.0,80,81.4,Yes
STU075,Peter Lawal,Female,20,Data Science,90.0,10.2,77,82.0,84,82.2,Yes
STU076,Chidinma Nwosu,Male,19,AI Engineering,76.0,6.0,51,53.0,44,47.2,No
STU077,Mercy Nnaji,Female,19,Data Science,90.0,6.6,57,52.0,53,53.6,Yes
STU078,John Umeh,Female,23,AI Engineering,60.0,12.2,80,80.0,71,74.6,Yes
STU079,Elizabeth Eze,Female,21,Software Engineering,100.0,14.3,100,95.0,90,93.0,Yes
STU080,Daniel Ojo,Female,21,Computer Science,81.0,,43,43.0,48,46.0,No
STU081,Elizabeth Obi,Male,19,Computer Science,96.0,11.2,72,68.0,66,67.6,Yes
STU082,Andrew Oseni,Female,24,Software Engineering,95.0,12.9,86,94.0,88,88.8,Yes
STU083,Daniela Chukwu,Female,23,Computer Science,79.0,10.4,68,63.0,64,64.6,Yes
STU084,Rebecca Oseni,Female,20,Computer Science,,6.1,47,44.0,40,42.2,No
STU085,Samuel Nnaji,Female,24,AI Engineering,74.0,6.7,57,63.0,49,53.4,Yes
STU086,Michael Ojo,Male,19,Data Science,87.0,4.5,44,,42,42.0,No
STU087,Juliet Anyanwu,Female,23,Software Engineering,98.0,12.7,87,93.0,80,84.0,Yes
STU088,Sophia Bello,Female,23,Data Science,77.0,9.5,77,83.0,69,73.4,Yes
STU089,Nathan Okafor,Female,22,Computer Science,98.0,6.3,48,47.0,56,52.6,Yes
STU090,Nathan Adesina,Female,18,Software Engineering,71.0,9.1,74,74.0,69,71.0,Yes
STU091,Peter Akinyemi,Female,20,Software Engineering,82.0,8.3,66,61.0,61,62.0,Yes
STU092,Blessing Nwachukwu,Female,24,Computer Science,95.0,3.5,40,42.0,40,40.4,No
STU093,Philip Yusuf,Female,23,Software Engineering,94.0,9.0,61,59.0,67,64.2,Yes
STU094,Linda Akanbi,Male,18,AI Engineering,63.0,5.6,47,48.0,51,49.6,No
STU095,Sarah Nwachukwu,Female,18,AI Engineering,70.0,7.0,50,55.0,42,46.2,No
STU096,Rebecca Adewale,Female,19,Software Engineering,91.0,15.1,99,100.0,97,98.0,Yes
STU097,Fatima Mohammed,Female,20,Data Science,95.0,4.9,45,53.0,40,43.6,No
STU098,Andrew Nwosu,Female,20,Data Science,60.0,6.7,57,64.0,51,54.8,Yes
STU099,Mary Anyanwu,Male,22,Software Engineering,95.0,12.9,91,97.0,91,92.2,Yes
STU100,Chidinma Adewale,Female,21,AI Engineering,74.0,14.1,98,91.0,98,96.6,Yes
STU084,Rebecca Oseni,Female,20,Computer Science,,6.1,47,44.0,40,42.2,No
STU054,Sophia Onyeka,Female,22,Software Engineering,,4.7,52,60.0,59,57.8,Yes
